Datetime (UTC),Country,Zone Name,Zone Id,Carbon Intensity gCOâ‚‚eq/kWh (direct),Carbon Intensity gCOâ‚‚eq/kWh (LCA),Low Carbon Percentage,Renewable Percentage,Data Source
2022-01-01 00:00:00,Hungary,Hungary,HU,181.46,216.44,75.53,21.18,entsoe.eu
2022-01-02 00:00:00,Hungary,Hungary,HU,196.95,233.87,73.90,21.25,entsoe.eu
2022-01-03 00:00:00,Hungary,Hungary,HU,234.94,274.14,68.20,22.26,entsoe.eu
2022-01-04 00:00:00,Hungary,Hungary,HU,263.23,307.42,63.37,18.84,entsoe.eu
2022-01-05 00:00:00,Hungary,Hungary,HU,249.91,290.76,65.18,17.79,entsoe.eu
2022-01-06 00:00:00,Hungary,Hungary,HU,238.61,281.16,64.66,17.33,entsoe.eu
2022-01-07 00:00:00,Hungary,Hungary,HU,260.18,304.08,63.44,16.77,entsoe.eu
2022-01-08 00:00:00,Hungary,Hungary,HU,267.58,310.32,63.55,15.26,entsoe.eu
2022-01-09 00:00:00,Hungary,Hungary,HU,267.10,309.92,63.96,16.00,entsoe.eu
2022-01-10 00:00:00,Hungary,Hungary,HU,270.70,320.84,57.88,14.74,entsoe.eu
2022-01-11 00:00:00,Hungary,Hungary,HU,270.21,318.78,57.62,17.40,entsoe.eu
2022-01-12 00:00:00,Hungary,Hungary,HU,279.01,328.32,57.22,15.66,entsoe.eu
2022-01-13 00:00:00,Hungary,Hungary,HU,296.50,347.09,56.54,14.86,entsoe.eu
2022-01-14 00:00:00,Hungary,Hungary,HU,273.03,321.45,59.32,19.11,entsoe.eu
2022-01-15 00:00:00,Hungary,Hungary,HU,263.02,309.49,60.71,14.52,entsoe.eu
2022-01-16 00:00:00,Hungary,Hungary,HU,277.11,323.50,60.80,15.02,entsoe.eu
2022-01-17 00:00:00,Hungary,Hungary,HU,277.10,325.56,59.16,18.27,entsoe.eu
2022-01-18 00:00:00,Hungary,Hungary,HU,276.59,325.83,58.38,16.99,entsoe.eu
2022-01-19 00:00:00,Hungary,Hungary,HU,299.13,350.73,56.32,15.78,entsoe.eu
2022-01-20 00:00:00,Hungary,Hungary,HU,291.26,341.01,57.41,17.16,entsoe.eu
2022-01-21 00:00:00,Hungary,Hungary,HU,284.00,332.91,58.22,19.51,entsoe.eu
2022-01-22 00:00:00,Hungary,Hungary,HU,285.71,335.17,58.35,17.66,entsoe.eu
2022-01-23 00:00:00,Hungary,Hungary,HU,287.05,336.40,57.44,12.71,entsoe.eu
2022-01-24 00:00:00,Hungary,Hungary,HU,289.31,340.04,56.16,13.44,entsoe.eu
2022-01-25 00:00:00,Hungary,Hungary,HU,306.01,359.40,54.05,14.46,entsoe.eu
2022-01-26 00:00:00,Hungary,Hungary,HU,311.42,364.76,54.49,15.64,entsoe.eu
2022-01-27 00:00:00,Hungary,Hungary,HU,291.30,341.93,57.40,18.12,entsoe.eu
2022-01-28 00:00:00,Hungary,Hungary,HU,263.46,311.54,60.67,22.03,entsoe.eu
2022-01-29 00:00:00,Hungary,Hungary,HU,262.18,308.46,62.43,20.13,entsoe.eu
2022-01-30 00:00:00,Hungary,Hungary,HU,235.28,276.54,67.15,24.13,entsoe.eu
2022-01-31 00:00:00,Hungary,Hungary,HU,283.59,333.76,57.63,16.39,entsoe.eu
2022-02-01 00:00:00,Hungary,Hungary,HU,285.67,337.88,57.07,19.26,entsoe.eu
2022-02-02 00:00:00,Hungary,Hungary,HU,292.76,348.73,54.77,23.13,entsoe.eu
2022-02-03 00:00:00,Hungary,Hungary,HU,301.80,356.98,54.23,19.03,entsoe.eu
2022-02-04 00:00:00,Hungary,Hungary,HU,313.09,368.30,53.50,18.33,entsoe.eu
2022-02-05 00:00:00,Hungary,Hungary,HU,269.12,317.03,61.14,24.32,entsoe.eu
2022-02-06 00:00:00,Hungary,Hungary,HU,264.92,310.75,62.15,22.38,entsoe.eu
2022-02-07 00:00:00,Hungary,Hungary,HU,271.80,321.65,58.50,23.39,entsoe.eu
2022-02-08 00:00:00,Hungary,Hungary,HU,276.99,326.83,59.35,23.09,entsoe.eu
2022-02-09 00:00:00,Hungary,Hungary,HU,297.90,350.73,56.53,20.90,entsoe.eu
2022-02-10 00:00:00,Hungary,Hungary,HU,331.25,388.34,51.04,20.10,entsoe.eu
2022-02-11 00:00:00,Hungary,Hungary,HU,322.95,379.82,51.45,22.19,entsoe.eu
2022-02-12 00:00:00,Hungary,Hungary,HU,300.04,352.73,56.52,22.93,entsoe.eu
2022-02-13 00:00:00,Hungary,Hungary,HU,268.66,316.61,61.57,25.12,entsoe.eu
2022-02-14 00:00:00,Hungary,Hungary,HU,290.96,342.49,57.03,22.42,entsoe.eu
2022-02-15 00:00:00,Hungary,Hungary,HU,307.77,360.36,54.83,17.92,entsoe.eu
2022-02-16 00:00:00,Hungary,Hungary,HU,285.44,334.67,59.04,22.65,entsoe.eu
2022-02-17 00:00:00,Hungary,Hungary,HU,253.08,296.13,64.14,26.52,entsoe.eu
2022-02-18 00:00:00,Hungary,Hungary,HU,274.82,321.93,60.30,23.08,entsoe.eu
2022-02-19 00:00:00,Hungary,Hungary,HU,260.72,304.31,64.24,25.51,entsoe.eu
2022-02-20 00:00:00,Hungary,Hungary,HU,256.93,301.24,64.53,25.39,entsoe.eu
2022-02-21 00:00:00,Hungary,Hungary,HU,292.70,342.11,57.02,18.57,entsoe.eu
2022-02-22 00:00:00,Hungary,Hungary,HU,281.74,330.37,59.20,22.72,entsoe.eu
2022-02-23 00:00:00,Hungary,Hungary,HU,298.50,346.89,58.33,21.84,entsoe.eu
2022-02-24 00:00:00,Hungary,Hungary,HU,283.25,329.33,61.58,24.26,entsoe.eu
2022-02-25 00:00:00,Hungary,Hungary,HU,296.21,343.76,60.00,22.64,entsoe.eu
2022-02-26 00:00:00,Hungary,Hungary,HU,276.84,323.41,62.65,19.67,entsoe.eu
2022-02-27 00:00:00,Hungary,Hungary,HU,271.62,316.28,63.46,17.81,entsoe.eu
2022-02-28 00:00:00,Hungary,Hungary,HU,290.32,338.04,59.38,19.44,entsoe.eu
2022-03-01 00:00:00,Hungary,Hungary,HU,293.88,344.40,58.26,19.70,entsoe.eu
2022-03-02 00:00:00,Hungary,Hungary,HU,286.52,337.56,58.33,19.82,entsoe.eu
2022-03-03 00:00:00,Hungary,Hungary,HU,304.85,357.99,56.16,19.91,entsoe.eu
2022-03-04 00:00:00,Hungary,Hungary,HU,302.70,356.85,55.36,19.69,entsoe.eu
2022-03-05 00:00:00,Hungary,Hungary,HU,305.15,358.09,56.79,14.11,entsoe.eu
2022-03-06 00:00:00,Hungary,Hungary,HU,269.23,319.11,60.92,15.31,entsoe.eu
2022-03-07 00:00:00,Hungary,Hungary,HU,279.03,329.40,60.44,19.42,entsoe.eu
2022-03-08 00:00:00,Hungary,Hungary,HU,284.25,332.03,60.98,17.89,entsoe.eu
2022-03-09 00:00:00,Hungary,Hungary,HU,287.10,333.34,61.22,17.12,entsoe.eu
2022-03-10 00:00:00,Hungary,Hungary,HU,274.64,319.71,63.15,19.23,entsoe.eu
2022-03-11 00:00:00,Hungary,Hungary,HU,274.50,320.59,62.97,20.67,entsoe.eu
2022-03-12 00:00:00,Hungary,Hungary,HU,264.33,309.67,64.69,21.76,entsoe.eu
2022-03-13 00:00:00,Hungary,Hungary,HU,256.60,302.12,65.31,23.26,entsoe.eu
2022-03-14 00:00:00,Hungary,Hungary,HU,272.99,319.26,63.49,21.60,entsoe.eu
2022-03-15 00:00:00,Hungary,Hungary,HU,270.64,318.05,62.71,19.03,entsoe.eu
2022-03-16 00:00:00,Hungary,Hungary,HU,287.77,334.90,61.13,18.06,entsoe.eu
2022-03-17 00:00:00,Hungary,Hungary,HU,284.87,330.26,61.40,17.31,entsoe.eu
2022-03-18 00:00:00,Hungary,Hungary,HU,286.55,330.10,61.64,16.07,entsoe.eu
2022-03-19 00:00:00,Hungary,Hungary,HU,251.16,292.75,66.71,20.15,entsoe.eu
2022-03-20 00:00:00,Hungary,Hungary,HU,234.25,274.76,68.59,21.99,entsoe.eu
2022-03-21 00:00:00,Hungary,Hungary,HU,273.57,321.03,61.65,17.84,entsoe.eu
2022-03-22 00:00:00,Hungary,Hungary,HU,241.24,287.45,64.00,17.11,entsoe.eu
2022-03-23 00:00:00,Hungary,Hungary,HU,267.49,312.95,61.71,16.96,entsoe.eu
2022-03-24 00:00:00,Hungary,Hungary,HU,262.47,308.12,62.53,18.44,entsoe.eu
2022-03-25 00:00:00,Hungary,Hungary,HU,259.06,303.29,63.12,17.51,entsoe.eu
2022-03-26 00:00:00,Hungary,Hungary,HU,232.30,270.60,69.98,20.75,entsoe.eu
2022-03-27 00:00:00,Hungary,Hungary,HU,227.69,266.06,70.41,20.16,entsoe.eu
2022-03-28 00:00:00,Hungary,Hungary,HU,252.32,296.78,64.83,19.59,entsoe.eu
2022-03-29 00:00:00,Hungary,Hungary,HU,253.07,298.09,64.68,18.64,entsoe.eu
2022-03-30 00:00:00,Hungary,Hungary,HU,264.11,309.33,61.75,15.86,entsoe.eu
2022-03-31 00:00:00,Hungary,Hungary,HU,275.08,317.28,62.61,14.38,entsoe.eu
2022-04-01 00:00:00,Hungary,Hungary,HU,244.74,282.72,67.25,18.77,entsoe.eu
2022-04-02 00:00:00,Hungary,Hungary,HU,231.28,268.09,68.71,19.30,entsoe.eu
2022-04-03 00:00:00,Hungary,Hungary,HU,226.37,264.39,69.45,19.33,entsoe.eu
2022-04-04 00:00:00,Hungary,Hungary,HU,244.48,285.74,67.76,22.95,entsoe.eu
2022-04-05 00:00:00,Hungary,Hungary,HU,247.65,288.56,66.97,22.05,entsoe.eu
2022-04-06 00:00:00,Hungary,Hungary,HU,245.63,285.01,68.52,22.24,entsoe.eu
2022-04-07 00:00:00,Hungary,Hungary,HU,217.70,253.94,71.90,25.08,entsoe.eu
2022-04-08 00:00:00,Hungary,Hungary,HU,216.19,251.15,72.47,24.60,entsoe.eu
2022-04-09 00:00:00,Hungary,Hungary,HU,200.72,233.69,75.33,27.99,entsoe.eu
2022-04-10 00:00:00,Hungary,Hungary,HU,183.53,216.89,76.53,27.67,entsoe.eu
2022-04-11 00:00:00,Hungary,Hungary,HU,228.83,265.39,71.07,24.14,entsoe.eu
2022-04-12 00:00:00,Hungary,Hungary,HU,241.40,282.26,68.53,24.93,entsoe.eu
2022-04-13 00:00:00,Hungary,Hungary,HU,222.37,261.61,69.69,25.62,entsoe.eu
2022-04-14 00:00:00,Hungary,Hungary,HU,230.16,268.61,69.51,24.60,entsoe.eu
2022-04-15 00:00:00,Hungary,Hungary,HU,225.98,261.87,71.68,20.01,entsoe.eu
2022-04-16 00:00:00,Hungary,Hungary,HU,206.48,241.49,74.29,28.08,entsoe.eu
2022-04-17 00:00:00,Hungary,Hungary,HU,186.95,219.95,76.55,26.26,entsoe.eu
2022-04-18 00:00:00,Hungary,Hungary,HU,234.13,272.13,71.69,23.66,entsoe.eu
2022-04-19 00:00:00,Hungary,Hungary,HU,271.38,314.17,65.44,22.81,entsoe.eu
2022-04-20 00:00:00,Hungary,Hungary,HU,259.33,302.40,65.97,24.45,entsoe.eu
2022-04-21 00:00:00,Hungary,Hungary,HU,252.22,293.62,67.40,24.03,entsoe.eu
2022-04-22 00:00:00,Hungary,Hungary,HU,268.18,309.26,65.04,19.31,entsoe.eu
2022-04-23 00:00:00,Hungary,Hungary,HU,244.36,282.25,70.13,21.57,entsoe.eu
2022-04-24 00:00:00,Hungary,Hungary,HU,215.05,250.58,73.73,27.61,entsoe.eu
2022-04-25 00:00:00,Hungary,Hungary,HU,234.25,273.62,68.25,23.51,entsoe.eu
2022-04-26 00:00:00,Hungary,Hungary,HU,248.38,291.74,66.41,21.81,entsoe.eu
2022-04-27 00:00:00,Hungary,Hungary,HU,240.62,281.93,67.64,24.59,entsoe.eu
2022-04-28 00:00:00,Hungary,Hungary,HU,229.88,270.55,68.88,25.38,entsoe.eu
2022-04-29 00:00:00,Hungary,Hungary,HU,232.97,271.27,68.93,21.22,entsoe.eu
2022-04-30 00:00:00,Hungary,Hungary,HU,218.58,253.04,72.84,19.39,entsoe.eu
2022-05-01 00:00:00,Hungary,Hungary,HU,213.25,247.71,72.42,17.57,entsoe.eu
2022-05-02 00:00:00,Hungary,Hungary,HU,220.81,256.19,71.02,20.26,entsoe.eu
2022-05-03 00:00:00,Hungary,Hungary,HU,229.41,267.66,69.60,21.30,entsoe.eu
2022-05-04 00:00:00,Hungary,Hungary,HU,227.81,267.84,69.72,22.97,entsoe.eu
2022-05-05 00:00:00,Hungary,Hungary,HU,222.35,261.01,70.53,22.43,entsoe.eu
2022-05-06 00:00:00,Hungary,Hungary,HU,233.38,272.42,69.25,19.64,entsoe.eu
2022-05-07 00:00:00,Hungary,Hungary,HU,221.86,257.28,72.28,18.62,entsoe.eu
2022-05-08 00:00:00,Hungary,Hungary,HU,222.87,259.58,72.08,20.41,entsoe.eu
2022-05-09 00:00:00,Hungary,Hungary,HU,234.14,273.66,69.50,22.38,entsoe.eu
2022-05-10 00:00:00,Hungary,Hungary,HU,242.75,282.16,69.44,22.65,entsoe.eu
2022-05-11 00:00:00,Hungary,Hungary,HU,228.96,268.05,70.87,24.27,entsoe.eu
2022-05-12 00:00:00,Hungary,Hungary,HU,228.80,267.76,70.81,25.35,entsoe.eu
2022-05-13 00:00:00,Hungary,Hungary,HU,219.85,260.33,70.74,24.89,entsoe.eu
2022-05-14 00:00:00,Hungary,Hungary,HU,217.18,253.51,73.62,27.24,entsoe.eu
2022-05-15 00:00:00,Hungary,Hungary,HU,222.86,260.03,72.84,24.73,entsoe.eu
2022-05-16 00:00:00,Hungary,Hungary,HU,233.79,273.58,70.77,27.78,entsoe.eu
2022-05-17 00:00:00,Hungary,Hungary,HU,214.48,254.31,70.19,30.50,entsoe.eu
2022-05-18 00:00:00,Hungary,Hungary,HU,230.99,268.05,68.85,22.91,entsoe.eu
2022-05-19 00:00:00,Hungary,Hungary,HU,232.47,270.78,69.01,28.94,entsoe.eu
2022-05-20 00:00:00,Hungary,Hungary,HU,239.60,278.81,68.24,24.51,entsoe.eu
2022-05-21 00:00:00,Hungary,Hungary,HU,212.21,247.84,73.73,31.72,entsoe.eu
2022-05-22 00:00:00,Hungary,Hungary,HU,228.27,265.20,71.63,26.75,entsoe.eu
2022-05-23 00:00:00,Hungary,Hungary,HU,241.30,282.49,68.33,28.19,entsoe.eu
2022-05-24 00:00:00,Hungary,Hungary,HU,233.66,273.45,69.35,28.57,entsoe.eu
2022-05-25 00:00:00,Hungary,Hungary,HU,228.50,268.78,69.41,29.21,entsoe.eu
2022-05-26 00:00:00,Hungary,Hungary,HU,212.80,252.49,71.86,34.03,entsoe.eu
2022-05-27 00:00:00,Hungary,Hungary,HU,218.89,258.97,71.26,33.63,entsoe.eu
2022-05-28 00:00:00,Hungary,Hungary,HU,214.19,251.49,73.37,29.96,entsoe.eu
2022-05-29 00:00:00,Hungary,Hungary,HU,261.41,299.10,68.59,19.32,entsoe.eu
2022-05-30 00:00:00,Hungary,Hungary,HU,253.15,294.25,66.42,23.03,entsoe.eu
2022-05-31 00:00:00,Hungary,Hungary,HU,255.35,296.66,66.46,25.05,entsoe.eu
2022-06-01 00:00:00,Hungary,Hungary,HU,241.68,283.06,67.89,25.28,entsoe.eu
2022-06-02 00:00:00,Hungary,Hungary,HU,239.89,281.34,67.75,24.21,entsoe.eu
2022-06-03 00:00:00,Hungary,Hungary,HU,242.71,281.75,68.15,26.08,entsoe.eu
2022-06-04 00:00:00,Hungary,Hungary,HU,238.32,276.41,69.91,26.34,entsoe.eu
2022-06-05 00:00:00,Hungary,Hungary,HU,240.46,277.28,70.82,25.71,entsoe.eu
2022-06-06 00:00:00,Hungary,Hungary,HU,214.47,250.03,73.63,28.55,entsoe.eu
2022-06-07 00:00:00,Hungary,Hungary,HU,240.05,280.59,68.33,28.72,entsoe.eu
2022-06-08 00:00:00,Hungary,Hungary,HU,213.85,253.19,70.63,30.41,entsoe.eu
2022-06-09 00:00:00,Hungary,Hungary,HU,224.10,264.54,69.77,28.33,entsoe.eu
2022-06-10 00:00:00,Hungary,Hungary,HU,202.79,239.71,73.05,32.81,entsoe.eu
2022-06-11 00:00:00,Hungary,Hungary,HU,186.27,220.85,76.22,31.05,entsoe.eu
2022-06-12 00:00:00,Hungary,Hungary,HU,200.47,235.89,74.01,25.36,entsoe.eu
2022-06-13 00:00:00,Hungary,Hungary,HU,231.61,270.50,69.24,24.92,entsoe.eu
2022-06-14 00:00:00,Hungary,Hungary,HU,234.92,274.78,68.58,23.12,entsoe.eu
2022-06-15 00:00:00,Hungary,Hungary,HU,237.56,277.16,68.38,23.44,entsoe.eu
2022-06-16 00:00:00,Hungary,Hungary,HU,233.91,273.34,68.61,24.59,entsoe.eu
2022-06-17 00:00:00,Hungary,Hungary,HU,234.23,272.47,68.57,23.89,entsoe.eu
2022-06-18 00:00:00,Hungary,Hungary,HU,229.42,265.69,71.23,23.71,entsoe.eu
2022-06-19 00:00:00,Hungary,Hungary,HU,214.80,251.99,72.33,28.15,entsoe.eu
2022-06-20 00:00:00,Hungary,Hungary,HU,241.22,281.23,67.74,23.81,entsoe.eu
2022-06-21 00:00:00,Hungary,Hungary,HU,231.74,269.97,69.71,22.61,entsoe.eu
2022-06-22 00:00:00,Hungary,Hungary,HU,250.15,290.42,66.94,19.79,entsoe.eu
2022-06-23 00:00:00,Hungary,Hungary,HU,255.47,295.93,66.68,20.41,entsoe.eu
2022-06-24 00:00:00,Hungary,Hungary,HU,235.46,274.05,69.11,23.58,entsoe.eu
2022-06-25 00:00:00,Hungary,Hungary,HU,232.05,269.87,71.31,22.61,entsoe.eu
2022-06-26 00:00:00,Hungary,Hungary,HU,244.41,281.54,69.98,21.12,entsoe.eu
2022-06-27 00:00:00,Hungary,Hungary,HU,247.05,286.44,67.33,23.63,entsoe.eu
2022-06-28 00:00:00,Hungary,Hungary,HU,261.88,302.29,65.13,20.91,entsoe.eu
2022-06-29 00:00:00,Hungary,Hungary,HU,253.46,294.32,66.08,23.46,entsoe.eu
2022-06-30 00:00:00,Hungary,Hungary,HU,246.57,286.42,67.27,25.37,entsoe.eu
2022-07-01 00:00:00,Hungary,Hungary,HU,244.76,282.05,69.07,26.30,entsoe.eu
2022-07-02 00:00:00,Hungary,Hungary,HU,222.35,256.25,73.31,27.02,entsoe.eu
2022-07-03 00:00:00,Hungary,Hungary,HU,242.75,279.15,70.83,22.93,entsoe.eu
2022-07-04 00:00:00,Hungary,Hungary,HU,261.59,303.05,65.21,21.03,entsoe.eu
2022-07-05 00:00:00,Hungary,Hungary,HU,265.34,305.82,65.36,21.12,entsoe.eu
2022-07-06 00:00:00,Hungary,Hungary,HU,248.03,289.81,66.17,20.28,entsoe.eu
2022-07-07 00:00:00,Hungary,Hungary,HU,193.84,230.03,73.09,23.28,entsoe.eu
2022-07-08 00:00:00,Hungary,Hungary,HU,160.05,194.50,76.53,29.69,entsoe.eu
2022-07-09 00:00:00,Hungary,Hungary,HU,143.84,177.17,79.86,29.19,entsoe.eu
2022-07-10 00:00:00,Hungary,Hungary,HU,164.92,198.16,78.09,25.70,entsoe.eu
2022-07-11 00:00:00,Hungary,Hungary,HU,229.34,267.44,69.53,19.39,entsoe.eu
2022-07-12 00:00:00,Hungary,Hungary,HU,239.27,281.87,65.53,17.48,entsoe.eu
2022-07-13 00:00:00,Hungary,Hungary,HU,226.68,265.33,68.23,20.36,entsoe.eu
2022-07-14 00:00:00,Hungary,Hungary,HU,253.38,292.96,66.28,19.20,entsoe.eu
2022-07-15 00:00:00,Hungary,Hungary,HU,262.54,303.14,65.59,16.95,entsoe.eu
2022-07-16 00:00:00,Hungary,Hungary,HU,213.96,247.10,73.93,21.44,entsoe.eu
2022-07-17 00:00:00,Hungary,Hungary,HU,202.63,235.26,74.59,20.43,entsoe.eu
2022-07-18 00:00:00,Hungary,Hungary,HU,242.64,284.72,65.73,18.62,entsoe.eu
2022-07-19 00:00:00,Hungary,Hungary,HU,245.62,286.60,66.25,18.66,entsoe.eu
2022-07-20 00:00:00,Hungary,Hungary,HU,258.26,298.60,65.27,18.22,entsoe.eu
2022-07-21 00:00:00,Hungary,Hungary,HU,243.47,283.03,66.26,20.25,entsoe.eu
2022-07-22 00:00:00,Hungary,Hungary,HU,228.34,269.66,66.60,19.41,entsoe.eu
2022-07-23 00:00:00,Hungary,Hungary,HU,196.00,239.00,69.83,21.42,entsoe.eu
2022-07-24 00:00:00,Hungary,Hungary,HU,215.43,254.75,70.23,20.15,entsoe.eu
2022-07-25 00:00:00,Hungary,Hungary,HU,243.55,285.46,66.52,21.44,entsoe.eu
2022-07-26 00:00:00,Hungary,Hungary,HU,257.92,300.83,64.36,18.82,entsoe.eu
2022-07-27 00:00:00,Hungary,Hungary,HU,251.77,294.41,64.97,18.68,entsoe.eu
2022-07-28 00:00:00,Hungary,Hungary,HU,260.58,304.77,63.29,17.32,entsoe.eu
2022-07-29 00:00:00,Hungary,Hungary,HU,255.52,298.21,64.72,18.32,entsoe.eu
2022-07-30 00:00:00,Hungary,Hungary,HU,239.72,280.84,67.28,19.77,entsoe.eu
2022-07-31 00:00:00,Hungary,Hungary,HU,188.57,226.24,73.49,23.14,entsoe.eu
2022-08-01 00:00:00,Hungary,Hungary,HU,218.73,262.45,67.13,18.16,entsoe.eu
2022-08-02 00:00:00,Hungary,Hungary,HU,244.99,287.80,65.26,18.11,entsoe.eu
2022-08-03 00:00:00,Hungary,Hungary,HU,272.01,313.56,63.99,17.82,entsoe.eu
2022-08-04 00:00:00,Hungary,Hungary,HU,269.79,310.81,64.46,18.46,entsoe.eu
2022-08-05 00:00:00,Hungary,Hungary,HU,275.11,315.85,64.59,18.87,entsoe.eu
2022-08-06 00:00:00,Hungary,Hungary,HU,225.38,261.01,73.38,30.26,entsoe.eu
2022-08-07 00:00:00,Hungary,Hungary,HU,230.67,266.96,72.01,24.15,entsoe.eu
2022-08-08 00:00:00,Hungary,Hungary,HU,254.65,292.80,67.54,22.41,entsoe.eu
2022-08-09 00:00:00,Hungary,Hungary,HU,247.93,285.25,67.37,23.22,entsoe.eu
2022-08-10 00:00:00,Hungary,Hungary,HU,250.42,287.65,66.94,21.98,entsoe.eu
2022-08-11 00:00:00,Hungary,Hungary,HU,265.91,306.26,65.11,23.52,entsoe.eu
2022-08-12 00:00:00,Hungary,Hungary,HU,285.58,324.51,64.70,24.20,entsoe.eu
2022-08-13 00:00:00,Hungary,Hungary,HU,285.74,325.22,66.39,25.21,entsoe.eu
2022-08-14 00:00:00,Hungary,Hungary,HU,280.73,320.92,66.36,24.45,entsoe.eu
2022-08-15 00:00:00,Hungary,Hungary,HU,297.63,342.82,60.95,22.56,entsoe.eu
2022-08-16 00:00:00,Hungary,Hungary,HU,299.91,348.92,57.70,23.12,entsoe.eu
2022-08-17 00:00:00,Hungary,Hungary,HU,306.51,356.55,57.06,22.02,entsoe.eu
2022-08-18 00:00:00,Hungary,Hungary,HU,305.17,355.29,57.83,23.30,entsoe.eu
2022-08-19 00:00:00,Hungary,Hungary,HU,310.32,359.92,57.08,21.88,entsoe.eu
2022-08-20 00:00:00,Hungary,Hungary,HU,295.54,336.53,64.36,22.19,entsoe.eu
2022-08-21 00:00:00,Hungary,Hungary,HU,247.67,284.18,69.52,30.02,entsoe.eu
2022-08-22 00:00:00,Hungary,Hungary,HU,280.24,321.91,63.07,24.81,entsoe.eu
2022-08-23 00:00:00,Hungary,Hungary,HU,307.10,353.30,58.40,18.63,entsoe.eu
2022-08-24 00:00:00,Hungary,Hungary,HU,313.29,356.79,57.99,17.41,entsoe.eu
2022-08-25 00:00:00,Hungary,Hungary,HU,297.60,342.52,58.77,17.69,entsoe.eu
2022-08-26 00:00:00,Hungary,Hungary,HU,285.02,328.47,61.22,18.47,entsoe.eu
2022-08-27 00:00:00,Hungary,Hungary,HU,267.32,305.29,67.39,20.38,entsoe.eu
2022-08-28 00:00:00,Hungary,Hungary,HU,267.10,304.54,68.05,20.94,entsoe.eu
2022-08-29 00:00:00,Hungary,Hungary,HU,280.47,323.67,62.63,18.56,entsoe.eu
2022-08-30 00:00:00,Hungary,Hungary,HU,295.13,342.13,59.46,17.92,entsoe.eu
2022-08-31 00:00:00,Hungary,Hungary,HU,294.86,339.76,60.83,18.70,entsoe.eu
2022-09-01 00:00:00,Hungary,Hungary,HU,289.50,335.28,59.23,15.57,entsoe.eu
2022-09-02 00:00:00,Hungary,Hungary,HU,298.84,342.12,59.68,15.35,entsoe.eu
2022-09-03 00:00:00,Hungary,Hungary,HU,261.67,296.60,68.29,20.95,entsoe.eu
2022-09-04 00:00:00,Hungary,Hungary,HU,262.11,299.63,66.86,18.54,entsoe.eu
2022-09-05 00:00:00,Hungary,Hungary,HU,241.14,282.69,65.30,18.83,entsoe.eu
2022-09-06 00:00:00,Hungary,Hungary,HU,244.61,288.32,63.52,18.62,entsoe.eu
2022-09-07 00:00:00,Hungary,Hungary,HU,261.56,304.54,62.19,17.68,entsoe.eu
2022-09-08 00:00:00,Hungary,Hungary,HU,275.48,316.33,62.16,19.22,entsoe.eu
2022-09-09 00:00:00,Hungary,Hungary,HU,284.49,320.92,64.08,18.38,entsoe.eu
2022-09-10 00:00:00,Hungary,Hungary,HU,275.12,309.48,66.12,21.14,entsoe.eu
2022-09-11 00:00:00,Hungary,Hungary,HU,257.74,294.04,67.58,22.96,entsoe.eu
2022-09-12 00:00:00,Hungary,Hungary,HU,274.82,315.21,63.15,21.88,entsoe.eu
2022-09-13 00:00:00,Hungary,Hungary,HU,287.66,331.33,60.92,20.67,entsoe.eu
2022-09-14 00:00:00,Hungary,Hungary,HU,297.64,341.23,58.72,17.27,entsoe.eu
2022-09-15 00:00:00,Hungary,Hungary,HU,286.65,328.35,61.09,18.61,entsoe.eu
2022-09-16 00:00:00,Hungary,Hungary,HU,280.72,316.85,65.44,19.81,entsoe.eu
2022-09-17 00:00:00,Hungary,Hungary,HU,243.68,277.79,70.04,24.91,entsoe.eu
2022-09-18 00:00:00,Hungary,Hungary,HU,213.51,244.67,73.26,28.73,entsoe.eu
2022-09-19 00:00:00,Hungary,Hungary,HU,244.05,280.70,67.91,27.77,entsoe.eu
2022-09-20 00:00:00,Hungary,Hungary,HU,241.19,283.04,64.93,25.80,entsoe.eu
2022-09-21 00:00:00,Hungary,Hungary,HU,252.43,296.89,62.87,26.35,entsoe.eu
2022-09-22 00:00:00,Hungary,Hungary,HU,290.62,338.06,59.70,22.22,entsoe.eu
2022-09-23 00:00:00,Hungary,Hungary,HU,321.72,368.26,58.01,21.20,entsoe.eu
2022-09-24 00:00:00,Hungary,Hungary,HU,308.16,347.12,63.96,23.02,entsoe.eu
2022-09-25 00:00:00,Hungary,Hungary,HU,297.39,339.48,63.19,16.93,entsoe.eu
2022-09-26 00:00:00,Hungary,Hungary,HU,273.41,319.42,63.20,19.93,entsoe.eu
2022-09-27 00:00:00,Hungary,Hungary,HU,283.57,326.41,63.01,21.98,entsoe.eu
2022-09-28 00:00:00,Hungary,Hungary,HU,275.00,318.63,61.22,21.86,entsoe.eu
2022-09-29 00:00:00,Hungary,Hungary,HU,324.25,366.60,56.56,15.63,entsoe.eu
2022-09-30 00:00:00,Hungary,Hungary,HU,326.90,368.56,58.30,17.61,entsoe.eu
2022-10-01 00:00:00,Hungary,Hungary,HU,290.00,322.85,68.70,21.78,entsoe.eu
2022-10-02 00:00:00,Hungary,Hungary,HU,231.96,261.61,74.61,27.27,entsoe.eu
2022-10-03 00:00:00,Hungary,Hungary,HU,244.73,279.86,70.78,31.57,entsoe.eu
2022-10-04 00:00:00,Hungary,Hungary,HU,277.12,315.78,66.73,25.48,entsoe.eu
2022-10-05 00:00:00,Hungary,Hungary,HU,283.55,326.54,63.64,24.37,entsoe.eu
2022-10-06 00:00:00,Hungary,Hungary,HU,295.95,339.64,62.31,22.00,entsoe.eu
2022-10-07 00:00:00,Hungary,Hungary,HU,277.76,318.15,64.99,21.66,entsoe.eu
2022-10-08 00:00:00,Hungary,Hungary,HU,261.21,297.59,69.49,21.19,entsoe.eu
2022-10-09 00:00:00,Hungary,Hungary,HU,222.16,257.99,72.60,22.86,entsoe.eu
2022-10-10 00:00:00,Hungary,Hungary,HU,248.16,287.85,68.14,22.35,entsoe.eu
2022-10-11 00:00:00,Hungary,Hungary,HU,296.90,342.47,60.66,16.74,entsoe.eu
2022-10-12 00:00:00,Hungary,Hungary,HU,316.84,363.29,58.63,14.97,entsoe.eu
2022-10-13 00:00:00,Hungary,Hungary,HU,303.94,349.32,60.17,16.32,entsoe.eu
2022-10-14 00:00:00,Hungary,Hungary,HU,266.28,310.58,63.09,15.06,entsoe.eu
2022-10-15 00:00:00,Hungary,Hungary,HU,249.80,283.72,70.19,19.39,entsoe.eu
2022-10-16 00:00:00,Hungary,Hungary,HU,239.93,276.87,71.41,22.07,entsoe.eu
2022-10-17 00:00:00,Hungary,Hungary,HU,270.61,313.04,64.58,20.94,entsoe.eu
2022-10-18 00:00:00,Hungary,Hungary,HU,295.45,340.73,61.26,18.20,entsoe.eu
2022-10-19 00:00:00,Hungary,Hungary,HU,291.95,337.38,61.26,18.54,entsoe.eu
2022-10-20 00:00:00,Hungary,Hungary,HU,289.94,333.95,62.22,18.87,entsoe.eu
2022-10-21 00:00:00,Hungary,Hungary,HU,296.82,342.00,60.72,17.78,entsoe.eu
2022-10-22 00:00:00,Hungary,Hungary,HU,279.97,317.35,65.25,14.88,entsoe.eu
2022-10-23 00:00:00,Hungary,Hungary,HU,272.61,311.73,66.45,17.34,entsoe.eu
2022-10-24 00:00:00,Hungary,Hungary,HU,303.17,347.85,60.75,17.05,entsoe.eu
2022-10-25 00:00:00,Hungary,Hungary,HU,291.19,334.83,61.70,17.87,entsoe.eu
2022-10-26 00:00:00,Hungary,Hungary,HU,291.52,336.78,61.58,17.12,entsoe.eu
2022-10-27 00:00:00,Hungary,Hungary,HU,295.31,339.86,61.95,17.05,entsoe.eu
2022-10-28 00:00:00,Hungary,Hungary,HU,296.93,339.46,61.47,13.23,entsoe.eu
2022-10-29 00:00:00,Hungary,Hungary,HU,260.49,297.59,68.91,15.45,entsoe.eu
2022-10-30 00:00:00,Hungary,Hungary,HU,261.99,300.30,68.99,13.79,entsoe.eu
2022-10-31 00:00:00,Hungary,Hungary,HU,275.16,318.85,65.11,15.78,entsoe.eu
2022-11-01 00:00:00,Hungary,Hungary,HU,289.91,334.81,64.15,19.23,entsoe.eu
2022-11-02 00:00:00,Hungary,Hungary,HU,315.72,362.07,60.66,19.23,entsoe.eu
2022-11-03 00:00:00,Hungary,Hungary,HU,326.15,374.36,58.64,19.93,entsoe.eu
2022-11-04 00:00:00,Hungary,Hungary,HU,321.52,368.48,59.06,18.21,entsoe.eu
2022-11-05 00:00:00,Hungary,Hungary,HU,261.77,302.14,66.74,23.24,entsoe.eu
2022-11-06 00:00:00,Hungary,Hungary,HU,263.74,304.75,66.70,18.68,entsoe.eu
2022-11-07 00:00:00,Hungary,Hungary,HU,314.25,362.80,57.59,15.13,entsoe.eu
2022-11-08 00:00:00,Hungary,Hungary,HU,307.41,356.73,58.98,18.60,entsoe.eu
2022-11-09 00:00:00,Hungary,Hungary,HU,328.28,376.59,58.31,16.86,entsoe.eu
2022-11-10 00:00:00,Hungary,Hungary,HU,322.86,370.58,58.43,16.49,entsoe.eu
2022-11-11 00:00:00,Hungary,Hungary,HU,293.44,338.07,61.84,16.99,entsoe.eu
2022-11-12 00:00:00,Hungary,Hungary,HU,322.61,363.88,61.42,14.60,entsoe.eu
2022-11-13 00:00:00,Hungary,Hungary,HU,321.79,365.12,61.57,15.96,entsoe.eu
2022-11-14 00:00:00,Hungary,Hungary,HU,347.84,396.33,56.18,15.89,entsoe.eu
2022-11-15 00:00:00,Hungary,Hungary,HU,364.42,414.52,53.93,13.53,entsoe.eu
2022-11-16 00:00:00,Hungary,Hungary,HU,349.39,401.78,52.86,11.63,entsoe.eu
2022-11-17 00:00:00,Hungary,Hungary,HU,311.03,361.24,56.60,12.54,entsoe.eu
2022-11-18 00:00:00,Hungary,Hungary,HU,304.26,354.76,56.12,13.29,entsoe.eu
2022-11-19 00:00:00,Hungary,Hungary,HU,283.15,325.95,61.75,13.89,entsoe.eu
2022-11-20 00:00:00,Hungary,Hungary,HU,275.73,318.81,62.08,15.24,entsoe.eu
2022-11-21 00:00:00,Hungary,Hungary,HU,276.17,325.89,57.56,18.26,entsoe.eu
2022-11-22 00:00:00,Hungary,Hungary,HU,266.68,317.78,58.51,17.56,entsoe.eu
2022-11-23 00:00:00,Hungary,Hungary,HU,279.23,329.67,58.18,18.05,entsoe.eu
2022-11-24 00:00:00,Hungary,Hungary,HU,307.20,359.33,56.20,16.51,entsoe.eu
2022-11-25 00:00:00,Hungary,Hungary,HU,287.85,338.68,57.69,16.18,entsoe.eu
2022-11-26 00:00:00,Hungary,Hungary,HU,262.50,304.86,64.55,17.13,entsoe.eu
2022-11-27 00:00:00,Hungary,Hungary,HU,280.12,321.55,63.62,14.28,entsoe.eu
2022-11-28 00:00:00,Hungary,Hungary,HU,310.35,359.42,56.39,16.60,entsoe.eu
2022-11-29 00:00:00,Hungary,Hungary,HU,318.46,370.22,52.40,13.28,entsoe.eu
2022-11-30 00:00:00,Hungary,Hungary,HU,307.48,358.71,53.82,13.04,entsoe.eu
2022-12-01 00:00:00,Hungary,Hungary,HU,303.65,355.38,54.63,15.27,entsoe.eu
2022-12-02 00:00:00,Hungary,Hungary,HU,332.07,386.03,52.15,12.20,entsoe.eu
2022-12-03 00:00:00,Hungary,Hungary,HU,310.25,359.75,57.06,14.08,entsoe.eu
2022-12-04 00:00:00,Hungary,Hungary,HU,281.00,326.35,60.48,13.43,entsoe.eu
2022-12-05 00:00:00,Hungary,Hungary,HU,299.94,351.56,55.15,13.57,entsoe.eu
2022-12-06 00:00:00,Hungary,Hungary,HU,299.58,351.31,54.75,13.87,entsoe.eu
2022-12-07 00:00:00,Hungary,Hungary,HU,290.35,340.42,56.83,13.17,entsoe.eu
2022-12-08 00:00:00,Hungary,Hungary,HU,291.01,340.43,55.53,13.10,entsoe.eu
2022-12-09 00:00:00,Hungary,Hungary,HU,283.10,330.52,56.15,14.67,entsoe.eu
2022-12-10 00:00:00,Hungary,Hungary,HU,263.49,307.00,59.51,17.05,entsoe.eu
2022-12-11 00:00:00,Hungary,Hungary,HU,256.07,299.97,59.94,18.08,entsoe.eu
2022-12-12 00:00:00,Hungary,Hungary,HU,268.99,318.42,57.58,16.36,entsoe.eu
2022-12-13 00:00:00,Hungary,Hungary,HU,285.39,334.15,56.30,15.30,entsoe.eu
2022-12-14 00:00:00,Hungary,Hungary,HU,285.38,336.13,55.54,16.38,entsoe.eu
2022-12-15 00:00:00,Hungary,Hungary,HU,295.82,345.61,54.56,12.28,entsoe.eu
2022-12-16 00:00:00,Hungary,Hungary,HU,270.57,317.81,56.82,17.44,entsoe.eu
2022-12-17 00:00:00,Hungary,Hungary,HU,234.72,273.04,66.03,18.29,entsoe.eu
2022-12-18 00:00:00,Hungary,Hungary,HU,248.16,285.69,66.45,17.48,entsoe.eu
2022-12-19 00:00:00,Hungary,Hungary,HU,246.45,287.79,64.54,17.30,entsoe.eu
2022-12-20 00:00:00,Hungary,Hungary,HU,279.00,321.01,62.49,13.96,entsoe.eu
2022-12-21 00:00:00,Hungary,Hungary,HU,288.92,329.21,61.63,10.90,entsoe.eu
2022-12-22 00:00:00,Hungary,Hungary,HU,276.51,315.33,64.22,12.48,entsoe.eu
2022-12-23 00:00:00,Hungary,Hungary,HU,259.64,298.24,65.80,13.59,entsoe.eu
2022-12-24 00:00:00,Hungary,Hungary,HU,210.48,241.30,74.18,20.20,entsoe.eu
2022-12-25 00:00:00,Hungary,Hungary,HU,200.26,230.77,75.04,17.95,entsoe.eu
2022-12-26 00:00:00,Hungary,Hungary,HU,244.97,278.46,70.73,16.25,entsoe.eu
2022-12-27 00:00:00,Hungary,Hungary,HU,213.45,245.89,73.58,21.19,entsoe.eu
2022-12-28 00:00:00,Hungary,Hungary,HU,224.68,258.72,72.57,23.38,entsoe.eu
2022-12-29 00:00:00,Hungary,Hungary,HU,241.86,276.96,70.41,20.12,entsoe.eu
2022-12-30 00:00:00,Hungary,Hungary,HU,246.81,281.32,70.47,19.27,entsoe.eu
2022-12-31 00:00:00,Hungary,Hungary,HU,240.92,273.70,71.82,19.83,entsoe.eu
